model,aux,spearman,spearman_p-value
Dave_orig,lsa,0.1097969068972537,1.5861680015230324e-16
Dave_orig,VAE,-0.030838108845591055,0.02085326878757714
Dave_orig,SAE,-0.01788669716691857,0.18024576440234252
Dave_dropout,lsa,0.28764536833394083,2.0973406710995388e-107
Dave_dropout,VAE,-0.08902309086203125,2.3572758970429242e-11
Dave_dropout,SAE,-0.02834287744384551,0.03370444185458358